Category,Question,Answer
General Information,What is syndicated research?,"Syndicated research is a type of market research where data and findings are collected and compiled by a research agency and then sold to multiple clients. It provides insights into consumer behavior, market trends, and product performance across various FMCG categories."
General Information,How often is the data updated?,"The data is typically updated on a monthly basis, with quarterly and annual summaries available. Real-time or weekly updates may also be available depending on the subscription level."
General Information,What FMCG categories are covered in this research?,"The research covers a wide range of FMCG categories, including: Food and Beverages (e.g., Snacks, soft drinks, dairy products), Personal Care (e.g., Skincare, haircare, oral care products), Household Cleaning (e.g., Detergents, surface cleaners, disinfectants), and Over-the-Counter Pharmaceuticals (e.g., Pain relievers, vitamins, supplements)."
General Information,Who can benefit from this syndicated research?,"This research is valuable for FMCG manufacturers, retailers, marketing agencies, and financial analysts looking to understand market dynamics, consumer preferences, and product performance."
General Information,What geographic regions are covered in this research?,"The research includes data from North America, Europe, Asia-Pacific, Latin America, and Africa, providing a comprehensive view of global consumer behavior."
General Information,Can I access historical data?,"Yes, historical data is available dating back up to 10 years, depending on the subscription plan. This allows for trend analysis over extended periods."
General Information,Is the data anonymized?,"Yes, all consumer data is anonymized to protect privacy, ensuring compliance with data protection regulations like GDPR."
General Information,How is syndicated research different from custom research?,"Syndicated research is standardized and sold to multiple clients, while custom research is tailored to the specific needs of one client. Syndicated research provides broad insights, whereas custom research delivers specific answers to particular business questions."
General Information,What is the sample size for global studies?,"For global studies, the sample size typically includes over 50,000 respondents, ensuring a representative sample across different regions and demographics."
General Information,Can I purchase individual reports?,"Yes, individual reports can be purchased without a subscription, providing access to specific insights without a long-term commitment."
General Information,How frequently are new categories added?,New categories are evaluated and added annually based on market demand and emerging consumer trends.
General Information,What types of businesses can benefit from this research?,"Businesses in retail, manufacturing, financial services, marketing, and consulting can all benefit from the insights provided by this syndicated research."
General Information,Can I share the reports within my organization?,"Yes, reports can be shared within your organization, but external distribution is restricted under the terms of the subscription agreement."
General Information,What is the scope of the data collection?,"The data collection covers both online and offline consumer purchase behavior, including in-store purchases, e-commerce transactions, and mobile app usage."
General Information,How are emerging markets represented in the research?,"Emerging markets are given special focus, with dedicated reports that highlight consumer behavior trends and market opportunities in these regions."
General Information,What is the methodology used for data collection?,"The data collection methodology includes a combination of surveys, POS data, loyalty card tracking, and social media analysis to provide a comprehensive view of consumer behavior."
General Information,Can I access raw data?,"Yes, raw data can be accessed through our advanced subscription plans, allowing for more detailed analysis and custom reporting."
General Information,Is there a demo available?,"Yes, a demo of the online portal and data access features can be arranged upon request, providing a preview of the platform's capabilities."
General Information,How does the research handle multi-channel shopping behavior?,"The research tracks multi-channel shopping behavior by integrating data from physical stores, online platforms, and mobile apps, providing a holistic view of consumer purchase patterns."
General Information,What industries are most covered in this research?,"The research primarily focuses on FMCG sectors such as food and beverages, personal care, household products, and over-the-counter pharmaceuticals, but also extends to retail and e-commerce."
Data Collection Methodology,How is consumer purchase behavior data collected?,"Data is collected through various methods, including: Point-of-Sale (POS) Data (collected from retailers' sales systems), Consumer Panels (information gathered from a representative group of consumers), Loyalty Card Data (tracking purchase behavior through retailer loyalty programs), and Online Purchase Tracking (data from e-commerce platforms and online transactions)."
Data Collection Methodology,What is the sample size of the consumer panel?,"The consumer panel consists of approximately 10,000 households, representing diverse demographic and geographic segments to ensure the data is reflective of the broader population."
Data Collection Methodology,How is data accuracy ensured?,"Data accuracy is ensured through: Cross-Referencing (comparing collected data with retailer reports), Quality Checks (regular validation of panel data), and Statistical Adjustments (applying corrections for non-response biases and other potential inaccuracies)."
Data Collection Methodology,How do you handle data from new or emerging categories?,"We continuously monitor the market for emerging categories and adjust our data collection methods accordingly. New categories are included in the research as they become relevant, ensuring comprehensive coverage."
Data Collection Methodology,What types of surveys are used in data collection?,"Surveys used in data collection include online surveys, telephone interviews, in-person focus groups, and mobile app-based surveys, ensuring comprehensive coverage of consumer opinions."
Data Collection Methodology,How is online shopping behavior tracked?,"Online shopping behavior is tracked through e-commerce transaction data, web analytics, and consumer surveys, providing insights into how consumers interact with online retailers."
Data Collection Methodology,What demographic data is included in the research?,"The research includes demographic data such as age, gender, income level, education, household size, and geographic location, allowing for detailed segmentation and analysis."
Data Collection Methodology,How frequently are surveys conducted?,"Surveys are conducted on a monthly basis, with additional surveys conducted during peak shopping seasons and in response to emerging trends."
Data Collection Methodology,How is loyalty card data used in the research?,"Loyalty card data is used to track individual consumer purchases, enabling analysis of brand loyalty, purchase frequency, and the impact of promotions on buying behavior."
Data Collection Methodology,How is data validated?,"Data validation involves cross-referencing survey responses with POS data, performing statistical checks for consistency, and applying data cleaning techniques to remove outliers."
Data Collection Methodology,What is the role of focus groups in data collection?,"Focus groups provide qualitative insights into consumer attitudes, preferences, and motivations, complementing the quantitative data collected through surveys and POS tracking."
Data Collection Methodology,How is mobile app usage tracked?,"Mobile app usage is tracked through app analytics, which monitor user interactions, in-app purchases, and engagement with promotional content, providing insights into mobile shopping behavior."
Data Collection Methodology,What is the geographic coverage of the data collection?,"Data is collected from urban, suburban, and rural areas across all major regions, ensuring comprehensive geographic coverage and representation of diverse consumer segments."
Data Collection Methodology,How is purchase frequency measured?,"Purchase frequency is measured by tracking the number of times a consumer buys a product within a specific time period, using data from POS systems, loyalty cards, and surveys."
Data Collection Methodology,What is the role of social media in data collection?,"Social media is analyzed to capture consumer sentiment, track brand mentions, and identify emerging trends, providing a real-time understanding of consumer attitudes and preferences."
Data Collection Methodology,How is household size factored into the research?,"Household size is factored into the research by segmenting data to understand how family size influences purchase behavior, product preferences, and shopping frequency."
Data Collection Methodology,How are promotional effects measured?,"Promotional effects are measured by comparing purchase behavior before, during, and after a promotion, using data from POS systems, loyalty cards, and consumer surveys."
Data Collection Methodology,How is data from different sources integrated?,"Data from different sources is integrated through data fusion techniques, which combine POS data, survey responses, and loyalty card data into a unified dataset for comprehensive analysis."
Data Collection Methodology,What data cleaning methods are used?,"Data cleaning methods include removing duplicates, correcting errors, standardizing formats, and imputing missing values to ensure data quality and accuracy."
Data Collection Methodology,How are outliers handled in the data?,Outliers are identified through statistical analysis and either corrected if they represent errors or flagged for further investigation if they represent unusual but valid behavior.
Data Collection Methodology,How is longitudinal data analysis conducted?,"Longitudinal data analysis is conducted by tracking the same set of consumers over time, allowing for the study of changes in behavior, preferences, and trends."
Data Collection Methodology,What is the role of behavioral economics in the research?,"Behavioral economics principles are applied to understand how psychological factors influence consumer decision-making, such as the impact of price framing, promotions, and social proof on purchases."
Data Collection Methodology,How are new product launches tracked?,"New product launches are tracked through POS data, consumer surveys, and social media analysis, providing insights into initial market reception, adoption rates, and competitive positioning."
Data Collection Methodology,How is repeat purchase behavior measured?,"Repeat purchase behavior is measured by tracking the frequency with which consumers buy the same product over time, using data from loyalty cards, surveys, and POS systems."
Data Collection Methodology,What methods are used for trend analysis?,"Trend analysis methods include time series analysis, moving averages, and regression models, allowing for the identification of long-term patterns and forecasting future trends."
Data Collection Methodology,How is seasonal variation accounted for in the data?,"Seasonal variation is accounted for by adjusting data to reflect changes in consumer behavior during holidays, back-to-school periods, and other seasonal events, ensuring accurate trend analysis."
Data Collection Methodology,How is brand loyalty measured?,"Brand loyalty is measured by analyzing repeat purchase rates, brand switching behavior, and consumer sentiment, using data from loyalty cards, surveys, and social media."
Data Collection Methodology,What role do in-store observations play in data collection?,"In-store observations provide qualitative insights into consumer behavior, such as product interaction, shopping patterns, and in-store decision-making, complementing quantitative data."
Data Collection Methodology,How is product trial behavior tracked?,"Product trial behavior is tracked by monitoring first-time purchases of new products, analyzing subsequent purchase behavior, and conducting follow-up surveys to assess consumer satisfaction."
Data Collection Methodology,How is competitive pricing data collected?,"Competitive pricing data is collected through store audits, POS data analysis, and online price tracking tools, allowing for the comparison of pricing strategies across brands."
Data Collection Methodology,What is the importance of respondent incentives in surveys?,"Respondent incentives, such as gift cards or discounts, are used to increase participation rates in surveys, ensuring a representative sample and higher data accuracy."
Data Collection Methodology,How are digital and traditional media interactions tracked?,"Digital and traditional media interactions are tracked through cross-media analysis, which examines how consumers engage with online ads, TV commercials, and print media, providing insights into media effectiveness."
Data Collection Methodology,What is the role of AI in data collection?,"AI plays a role in automating data collection processes, such as social media monitoring, sentiment analysis, and predictive modeling, allowing for more efficient and accurate data analysis."
Data Collection Methodology,How are customer journey maps created?,"Customer journey maps are created by analyzing consumer interactions across multiple touchpoints, including in-store visits, online browsing, and mobile app usage, providing a comprehensive view of the consumer experience."
Data Collection Methodology,How is product substitution behavior analyzed?,"Product substitution behavior is analyzed by tracking instances where consumers switch from one brand to another, often in response to price changes, promotions, or availability issues."
Data Collection Methodology,What is the impact of packaging on purchase behavior?,"The impact of packaging on purchase behavior is studied through consumer surveys, in-store observations, and sales data analysis, focusing on factors such as design, functionality, and sustainability."
Data Collection Methodology,How are out-of-stock situations monitored?,"Out-of-stock situations are monitored through POS data, retailer reports, and consumer feedback, providing insights into supply chain issues and the impact on brand loyalty."
Data Collection Methodology,How is the effectiveness of marketing campaigns measured?,"The effectiveness of marketing campaigns is measured by analyzing changes in brand awareness, purchase intent, and sales volume before, during, and after the campaign, using data from surveys, POS systems, and social media."
Data Collection Methodology,How are consumer preferences for sustainable products tracked?,"Consumer preferences for sustainable products are tracked through surveys, sales data, and social media analysis, focusing on factors such as eco-friendly packaging, organic ingredients, and ethical sourcing."
Data Collection Methodology,How is data collected from online marketplaces?,"Data from online marketplaces is collected through web scraping, transaction data analysis, and consumer reviews, providing insights into product performance, pricing strategies, and customer satisfaction."
Data Collection Methodology,What role does geolocation data play in consumer behavior analysis?,"Geolocation data is used to understand where consumers shop, how far they travel for purchases, and the impact of location-based promotions, enhancing the understanding of regional and local shopping patterns."
Data Collection Methodology,How is consumer behavior during economic downturns analyzed?,"Consumer behavior during economic downturns is analyzed by tracking changes in spending habits, product preferences, and brand loyalty, using data from surveys, POS systems, and economic indicators."
Data Collection Methodology,How are data privacy concerns addressed in the research?,"Data privacy concerns are addressed by anonymizing consumer data, obtaining consent for data collection, and complying with regulations such as GDPR, ensuring that consumer information is protected."
Data Collection Methodology,How are household expenditure patterns analyzed?,"Household expenditure patterns are analyzed by tracking spending across different product categories, income levels, and demographic segments, using data from surveys, POS systems, and loyalty cards."
Data Collection Methodology,How are consumer attitudes towards advertising measured?,"Consumer attitudes towards advertising are measured through surveys, focus groups, and social media analysis, examining factors such as ad recall, perceived relevance, and the influence on purchase intent."
Data Collection Methodology,How is the impact of product recalls monitored?,"The impact of product recalls is monitored through changes in sales volume, brand sentiment, and consumer trust, using data from POS systems, social media, and consumer surveys."
Data Collection Methodology,What methods are used to study impulse buying behavior?,"Impulse buying behavior is studied through in-store observations, sales data analysis, and consumer surveys, focusing on factors such as store layout, promotional displays, and product placement."
Data Collection Methodology,How is consumer feedback on product quality collected?,"Consumer feedback on product quality is collected through surveys, product reviews, and social media analysis, providing insights into consumer satisfaction and areas for improvement."
Data Collection Methodology,What is the role of psychographic data in the research?,"Psychographic data, such as lifestyle, values, and personality traits, is used to segment consumers and understand their motivations, preferences, and purchase behavior, complementing demographic data."
Data Collection Methodology,How is the impact of celebrity endorsements measured?,"The impact of celebrity endorsements is measured by analyzing changes in brand awareness, purchase intent, and sales volume, using data from surveys, social media, and POS systems."
Data Collection Methodology,How is consumer behavior during holidays analyzed?,"Consumer behavior during holidays is analyzed by tracking changes in spending patterns, product preferences, and shopping frequency, using data from POS systems, loyalty cards, and surveys."
Data Collection Methodology,How is consumer trust in brands measured?,"Consumer trust in brands is measured through surveys, brand sentiment analysis, and loyalty tracking, focusing on factors such as product quality, customer service, and ethical practices."
Data Collection Methodology,How are regional food preferences tracked?,"Regional food preferences are tracked through sales data, consumer surveys, and social media analysis, providing insights into local tastes, cultural influences, and seasonal variations."
Data Collection Methodology,How is data collected on consumer health and wellness trends?,"Data on consumer health and wellness trends is collected through surveys, sales data, and social media analysis, focusing on factors such as demand for organic products, fitness-related purchases, and dietary preferences."
Data Collection Methodology,How is data quality maintained across different markets?,"Data quality is maintained across different markets by applying consistent data collection methods, performing regular audits, and calibrating data to account for regional variations, ensuring reliable and comparable insights."
Data Collection Methodology,How is consumer behavior towards premium products analyzed?,"Consumer behavior towards premium products is analyzed by tracking purchase frequency, brand loyalty, and price sensitivity, using data from surveys, POS systems, and social media."
Data Collection Methodology,How are consumer preferences for local vs. global brands tracked?,"Consumer preferences for local vs. global brands are tracked through sales data, surveys, and social media analysis, providing insights into brand perception, loyalty, and regional variations."
Data Collection Methodology,What is the importance of data triangulation in the research?,"Data triangulation involves using multiple data sources, such as surveys, POS data, and social media, to cross-verify findings, ensuring accuracy and reliability in the research results."
Data Collection Methodology,How is consumer behavior during new product launches analyzed?,"Consumer behavior during new product launches is analyzed by tracking initial sales, repeat purchases, and consumer feedback, using data from POS systems, surveys, and social media."
Data Collection Methodology,How are demographic shifts accounted for in the research?,"Demographic shifts are accounted for by continuously updating the sample composition to reflect changes in population dynamics, ensuring that the research remains representative and relevant."
Data Collection Methodology,How is consumer behavior towards value-oriented products analyzed?,"Consumer behavior towards value-oriented products is analyzed by tracking purchase frequency, price sensitivity, and brand switching behavior, using data from POS systems, surveys, and loyalty cards."
Data Collection Methodology,How are seasonal trends in beverage consumption tracked?,"Seasonal trends in beverage consumption are tracked by analyzing sales data, consumer surveys, and weather patterns, providing insights into how factors such as temperature and holidays influence beverage preferences."
Data Collection Methodology,What is the role of experimental research in data collection?,"Experimental research involves testing specific hypotheses about consumer behavior through controlled experiments, such as A/B testing of product features, packaging designs, or promotional offers."
Data Collection Methodology,How is the impact of digital transformation on consumer behavior analyzed?,"The impact of digital transformation on consumer behavior is analyzed by tracking changes in online shopping habits, mobile app usage, and digital payment adoption, using data from web analytics, surveys, and POS systems."
Data Collection Methodology,How is consumer behavior towards eco-friendly products analyzed?,"Consumer behavior towards eco-friendly products is analyzed by tracking sales data, consumer surveys, and social media sentiment, focusing on factors such as packaging, ingredients, and sustainability practices."
Data Collection Methodology,How is consumer behavior during economic recovery periods analyzed?,"Consumer behavior during economic recovery periods is analyzed by tracking changes in spending patterns, brand loyalty, and product preferences, using data from surveys, POS systems, and economic indicators."
Data Collection Methodology,How are consumer preferences for convenience foods tracked?,"Consumer preferences for convenience foods are tracked through sales data, consumer surveys, and social media analysis, focusing on factors such as preparation time, packaging, and health claims."
Data Collection Methodology,How is the impact of trade promotions on consumer behavior analyzed?,"The impact of trade promotions on consumer behavior is analyzed by tracking changes in purchase frequency, brand switching, and stockpiling behavior, using data from POS systems, loyalty cards, and surveys."
Data Collection Methodology,How is the effectiveness of influencer marketing measured?,"The effectiveness of influencer marketing is measured by analyzing changes in brand awareness, purchase intent, and engagement metrics, using data from social media analytics, surveys, and sales data."
Data Collection Methodology,How are consumer attitudes towards digital payments tracked?,"Consumer attitudes towards digital payments are tracked through surveys, mobile app analytics, and transaction data, providing insights into the adoption of new payment methods and barriers to usage."
Data Collection Methodology,How is consumer behavior towards subscription services analyzed?,"Consumer behavior towards subscription services is analyzed by tracking subscription rates, renewal patterns, and customer satisfaction, using data from transaction records, surveys, and customer feedback."
Data Collection Methodology,How are consumer preferences for organic products tracked?,"Consumer preferences for organic products are tracked through sales data, consumer surveys, and social media analysis, focusing on factors such as health benefits, environmental impact, and price sensitivity."
Data Collection Methodology,How is the impact of loyalty programs on consumer behavior analyzed?,"The impact of loyalty programs on consumer behavior is analyzed by tracking changes in purchase frequency, brand loyalty, and redemption rates, using data from loyalty cards, surveys, and POS systems."
Data Collection Methodology,How is consumer behavior towards private label products analyzed?,"Consumer behavior towards private label products is analyzed by tracking sales data, brand switching behavior, and price sensitivity, using data from POS systems, surveys, and loyalty cards."
Data Collection Methodology,How is the impact of new regulations on consumer behavior analyzed?,"The impact of new regulations on consumer behavior is analyzed by tracking changes in product availability, pricing, and consumer perceptions, using data from surveys, POS systems, and industry reports."
Data Collection Methodology,How is consumer behavior towards health and wellness products analyzed?,"Consumer behavior towards health and wellness products is analyzed by tracking sales data, consumer surveys, and social media sentiment, focusing on factors such as dietary trends, fitness-related purchases, and product claims."
Data Collection Methodology,How is the impact of online reviews on consumer behavior analyzed?,"The impact of online reviews on consumer behavior is analyzed by tracking changes in purchase intent, brand perception, and sales volume, using data from review platforms, social media, and surveys."
Data Collection Methodology,How is consumer behavior towards luxury products analyzed?,"Consumer behavior towards luxury products is analyzed by tracking purchase frequency, brand loyalty, and price sensitivity, using data from POS systems, surveys, and social media."
Data Collection Methodology,How is consumer behavior during the COVID-19 pandemic analyzed?,"Consumer behavior during the COVID-19 pandemic is analyzed by tracking changes in spending patterns, product preferences, and shopping frequency, using data from surveys, POS systems, and economic indicators."
Data Collection Methodology,How is the impact of e-commerce on consumer behavior analyzed?,"The impact of e-commerce on consumer behavior is analyzed by tracking changes in online shopping habits, mobile app usage, and digital payment adoption, using data from web analytics, surveys, and POS systems."
Data Collection Methodology,How is the impact of social distancing on consumer behavior analyzed?,"The impact of social distancing on consumer behavior is analyzed by tracking changes in shopping frequency, product preferences, and brand loyalty, using data from surveys, POS systems, and social media."
Data Collection Methodology,How is the impact of telecommuting on consumer behavior analyzed?,"The impact of telecommuting on consumer behavior is analyzed by tracking changes in product preferences, shopping frequency, and spending patterns, using data from surveys, POS systems, and social media."
Data Collection Methodology,How is consumer behavior towards plant-based products analyzed?,"Consumer behavior towards plant-based products is analyzed by tracking sales data, consumer surveys, and social media sentiment, focusing on factors such as health benefits, environmental impact, and price sensitivity."
Data Collection Methodology,How is the impact of inflation on consumer behavior analyzed?,"The impact of inflation on consumer behavior is analyzed by tracking changes in spending patterns, product preferences, and price sensitivity, using data from surveys, POS systems, and economic indicators."
Data Collection Methodology,How is the impact of supply chain disruptions on consumer behavior analyzed?,"The impact of supply chain disruptions on consumer behavior is analyzed by tracking changes in product availability, brand loyalty, and purchase frequency, using data from surveys, POS systems, and industry reports."
Data Collection Methodology,How is consumer behavior towards digital products analyzed?,"Consumer behavior towards digital products is analyzed by tracking purchase frequency, product preferences, and brand loyalty, using data from web analytics, surveys, and POS systems."
Data Collection Methodology,How is the impact of cross-border e-commerce on consumer behavior analyzed?,"The impact of cross-border e-commerce on consumer behavior is analyzed by tracking changes in shopping habits, product preferences, and brand loyalty, using data from web analytics, surveys, and social media."
Data Collection Methodology,How is consumer behavior towards sustainable packaging analyzed?,"Consumer behavior towards sustainable packaging is analyzed by tracking sales data, consumer surveys, and social media sentiment, focusing on factors such as environmental impact, functionality, and price sensitivity."
Data Collection Methodology,How is the impact of product diversification on consumer behavior analyzed?,"The impact of product diversification on consumer behavior is analyzed by tracking changes in brand loyalty, product preferences, and purchase frequency, using data from surveys, POS systems, and social media."
Data Collection Methodology,How is the impact of digital advertising on consumer behavior analyzed?,"The impact of digital advertising on consumer behavior is analyzed by tracking changes in brand awareness, purchase intent, and engagement metrics, using data from web analytics, surveys, and social media."
Data Collection Methodology,How is consumer behavior towards gluten-free products analyzed?,"Consumer behavior towards gluten-free products is analyzed by tracking sales data, consumer surveys, and social media sentiment, focusing on factors such as health benefits, dietary trends, and price sensitivity."
Data Access and Reporting,How can I access the syndicated research reports?,"Clients can access the reports through our online portal, where they can: Download Latest Data (access the most recent updates), Run Custom Queries (tailor the data extraction to specific needs), and Generate Reports (create customized reports for presentations or internal use)."
Data Access and Reporting,What types of reports are available?,"We offer a variety of reports, including: Category Performance Summaries (overview of product category performance), Consumer Demographic Analyses (insights into the purchasing behavior of different demographic groups), Brand Loyalty Reports (analysis of consumer loyalty towards specific brands), and Trend Forecasts (predictive insights on future market trends)."
Data Access and Reporting,Can I customize the reports?,"Yes, reports can be customized based on: Category (specific product categories of interest), Region (geographic focus areas), Time Period (monthly, quarterly, or annual data views), and Other Variables (such as consumer demographics or brand preferences)."
Data Access and Reporting,Do you offer training on how to use the data portal?,"Yes, we offer training sessions, webinars, and user guides to help clients get the most out of the data portal."
Data Access and Reporting,How can I schedule regular reports?,"Reports can be scheduled to run automatically on a daily, weekly, or monthly basis, ensuring that you always have the latest data at your fingertips."
Data Access and Reporting,Can I share reports with colleagues?,"Yes, reports can be shared with colleagues through the portal's secure sharing feature, allowing you to collaborate on data analysis and decision-making."
Data Access and Reporting,What file formats are available for report downloads?,"Reports can be downloaded in various formats, including PDF, Excel, and CSV, making it easy to integrate the data into your workflows."
Data Access and Reporting,How can I set up report alerts?,"You can set up alerts to notify you when new reports are available or when specific data thresholds are met, ensuring that you stay informed about key metrics."
Data Access and Reporting,Can I access the data portal on mobile devices?,"Yes, the data portal is mobile-friendly and can be accessed on smartphones and tablets, allowing you to view reports and run queries on the go."
Data Access and Reporting,How do I create a custom report template?,"Custom report templates can be created by selecting the data points and layout that best suit your needs, and then saving the template for future use."
Data Access and Reporting,Can I export raw data from the portal?,"Yes, raw data can be exported in CSV or Excel format for further analysis using your preferred data analysis tools."
Data Access and Reporting,How can I set up automated data exports?,"Automated data exports can be set up through the portal's scheduling feature, allowing you to receive regular updates directly to your inbox or FTP server."
Data Access and Reporting,What visualization tools are available in the portal?,"The portal includes a range of visualization tools, such as bar charts, line graphs, and heat maps, to help you analyze and present your data effectively."
Data Access and Reporting,How can I create a dashboard in the portal?,"Dashboards can be created by selecting the key metrics you want to track, arranging them on a customizable canvas, and saving the layout for quick access."
Data Access and Reporting,Can I integrate portal data with other BI tools?,"Yes, the portal supports integration with popular BI tools such as Tableau, Power BI, and QlikView, allowing you to enhance your data analysis capabilities."
Data Access and Reporting,How do I grant access to team members?,"Access can be granted to team members by creating user accounts within the portal, with customizable permissions to control what data they can view and edit."
Data Access and Reporting,What support is available for custom queries?,"Our support team is available to assist with custom queries, providing guidance on how to structure your queries and troubleshoot any issues that arise."
Data Access and Reporting,How do I export a report as a PDF?,"Reports can be exported as PDFs by selecting the export option in the portal's report viewer, allowing you to create print-ready documents for distribution."
Data Access and Reporting,Can I set up data feeds for real-time updates?,"Yes, data feeds can be set up to provide real-time updates directly to your systems, ensuring that you always have the latest data at your fingertips."
Data Access and Reporting,How can I customize the report layout?,"Report layouts can be customized by dragging and dropping widgets, adjusting column widths, and adding or removing data points to create a report that meets your needs."
Data Usage and Application,How can this data help my business?,"The data can help your business by providing: Consumer Insights (understanding consumer preferences and behavior), Market Trends (identifying and capitalizing on emerging trends), Product Performance (evaluating how products are performing in the market), and Marketing Optimization (fine-tuning marketing strategies based on data-driven insights)."
Data Usage and Application,Can I use this data for competitive analysis?,"Yes, the data can be used to: Compare Brand Performance (assess your brand’s performance against competitors), Market Share Analysis (understand market share dynamics), and Opportunity Identification (identify gaps or opportunities for growth in the market)."
Data Usage and Application,How does this research account for seasonal variations in purchase behavior?,"Seasonal adjustments are applied to the data to account for: Holiday Impact (changes in consumer behavior during holidays), Weather Changes (how weather affects product demand), and Other Seasonal Factors (such as back-to-school periods or summer vacations)."
Data Usage and Application,What industries can benefit from this research?,"While primarily focused on FMCG, this research is also valuable for: Retail (understanding consumer preferences at the retail level), Manufacturing (optimizing product development and supply chains), Advertising (tailoring marketing messages based on consumer behavior), and Finance (making informed investment decisions based on market trends)."
Data Usage and Application,How can this data inform product development?,"The data can inform product development by identifying consumer preferences, unmet needs, and emerging trends, helping you create products that resonate with your target audience."
Data Usage and Application,Can this data help with pricing strategy?,"Yes, the data can be used to analyze price sensitivity, competitive pricing, and consumer willingness to pay, enabling you to optimize your pricing strategy."
Data Usage and Application,How can this data support marketing campaigns?,"Marketing campaigns can be optimized by using data to segment audiences, identify the most effective channels, and measure campaign performance in real-time."
Data Usage and Application,What role does this data play in market entry strategy?,"For market entry, the data provides insights into consumer behavior, market size, and competitive landscape, helping you assess the viability of entering new markets."
Data Usage and Application,How can this data improve supply chain efficiency?,"Supply chain efficiency can be improved by using data to forecast demand, identify bottlenecks, and optimize inventory levels, ensuring that products are available where and when they are needed."
Data Usage and Application,Can this data be used for customer segmentation?,"Yes, the data can be used to segment customers based on demographics, purchase behavior, and psychographics, allowing you to tailor your marketing and product offerings to specific segments."
Data Usage and Application,How can this data help with customer retention?,"Customer retention strategies can be enhanced by analyzing loyalty trends, identifying at-risk customers, and developing targeted retention campaigns based on data insights."
Data Usage and Application,Can this data support corporate social responsibility (CSR) initiatives?,"Yes, the data can be used to track consumer attitudes towards sustainability, ethical sourcing, and other CSR factors, helping you align your initiatives with consumer values."
Data Usage and Application,How can this data be used to measure brand health?,"Brand health can be measured by analyzing brand awareness, perception, and loyalty metrics, providing a comprehensive view of how your brand is perceived in the market."
Data Usage and Application,How can this data help with crisis management?,"In a crisis, data can be used to monitor consumer sentiment, identify key concerns, and develop targeted communication strategies to manage the situation effectively."
Data Usage and Application,What insights can this data provide for product innovation?,"Product innovation can be driven by identifying gaps in the market, understanding consumer needs, and tracking emerging trends, all of which can be uncovered through data analysis."
Data Usage and Application,How can this data inform merger and acquisition (M&A) decisions?,"M&A decisions can be informed by analyzing market share, competitive positioning, and consumer behavior data, providing a clear picture of the potential benefits and risks of a merger or acquisition."
Data Usage and Application,Can this data be used to optimize media buying?,"Yes, data can be used to identify the most effective media channels, allocate budgets more efficiently, and measure the impact of media investments on brand awareness and sales."
Data Usage and Application,How can this data support investor relations?,"Investor relations can be strengthened by using data to provide evidence of market leadership, growth potential, and consumer loyalty, making a compelling case to investors."
Data Usage and Application,What role does this data play in brand positioning?,"Brand positioning can be optimized by analyzing consumer perceptions, competitor positioning, and market trends, helping you differentiate your brand in a crowded market."
Data Usage and Application,Can this data help with retail strategy?,"Yes, retail strategy can be informed by data on consumer behavior, store performance, and market trends, enabling you to optimize store layouts, product assortments, and pricing."
Technical Support,Who can I contact for technical support?,"For technical support, you can contact: Customer Service Team (available through the online portal), Email Support (reach us at support@example.com), Phone Support (call us at 1-800-555-1234), and Live Chat (available during business hours on our website)."
Technical Support,What are the system requirements for accessing the online portal?,"The online portal is accessible via most modern web browsers, including: Chrome (version 80 and above), Firefox (version 75 and above), and Safari (version 13 and above). No special software is required, but a stable internet connection is recommended for optimal performance."
Technical Support,How do I integrate the data with my internal systems?,"We provide API access for seamless integration with your internal systems. You can: Access API Documentation (available on our developer portal), Set Up Data Feeds (automate data retrieval and integration), and Get Technical Assistance (our support team can assist with setup and troubleshooting)."
Technical Support,Can I export data in different formats?,"Yes, data can be exported in various formats, including: CSV (for use in spreadsheets and data analysis tools), Excel (for detailed reports and presentations), and JSON (for integration with web applications and databases)."
Technical Support,How do I troubleshoot data import issues?,"If you encounter issues with data import, you can: Check the Data Format (ensure that the file format matches the requirements), Contact Support (our technical team can assist with troubleshooting), and Review Documentation (refer to our online guides for common issues and solutions)."
Technical Support,Can I request custom data exports?,"Yes, custom data exports can be requested through the portal, allowing you to specify the exact data points and format you need for your analysis."
Technical Support,How do I update my account settings?,"Account settings can be updated through the user profile section of the portal, where you can: Change Passwords, Update Contact Information, and Manage Notifications."
Technical Support,What is the process for resetting my password?,"If you need to reset your password, you can do so by: Clicking the 'Forgot Password' link on the login page, Entering your registered email address, and Following the instructions sent to your email."
Technical Support,How do I manage user permissions in the portal?,"User permissions can be managed through the admin settings, where you can: Assign Roles (such as admin, editor, or viewer), Set Data Access Levels (control who can view or edit specific data), and Monitor User Activity (track usage and access logs)."
Technical Support,What support is available for API integration?,"API integration support includes: Access to Developer Documentation, Email Support (for technical questions), and Phone Support (for urgent issues or troubleshooting)."
Technical Support,How do I report a technical issue?,"Technical issues can be reported through the portal's support section, where you can: Submit a Support Ticket (describe the issue in detail), Track Ticket Status (monitor progress and updates), and Contact Support Directly (for urgent issues)."
Technical Support,Can I schedule a training session for my team?,"Yes, training sessions can be scheduled through the portal's training section, where you can: Choose a Training Topic (such as data analysis, report generation, or API integration), Select a Date and Time (based on availability), and Invite Team Members (send calendar invites directly from the portal)."
Technical Support,How do I access the help center?,"The help center can be accessed through the portal's main menu, where you can: Browse Articles (on common topics and issues), Watch Tutorials (video guides on using the portal), and Submit Questions (to get personalized support from our team)."
Technical Support,What are the support hours?,"Support is available during business hours, Monday to Friday, 9 AM to 6 PM (EST), with emergency support available for critical issues outside of these hours."
Technical Support,How can I provide feedback on the support experience?,"Feedback can be provided through the portal's feedback section, where you can: Rate Support Interactions, Leave Comments, and Suggest Improvements."
Technical Support,Can I customize the portal's interface?,"Yes, the portal's interface can be customized by: Changing Themes (light or dark mode), Rearranging Widgets (on your dashboard), and Adjusting Display Settings (such as font size and layout preferences)."
Technical Support,How do I download the mobile app?,"The mobile app can be downloaded from the App Store (for iOS devices) or Google Play (for Android devices), providing access to reports and data on the go."
Technical Support,Can I request a new feature for the portal?,"Yes, new feature requests can be submitted through the portal's feedback section, where you can describe the feature you need and how it would benefit your work."
Technical Support,How do I manage email notifications?,"Email notifications can be managed through the user settings, where you can: Set Preferences (choose which alerts you want to receive), Adjust Frequency (daily, weekly, or monthly), and Unsubscribe (from specific types of notifications)."
Technical Support,What security measures are in place to protect my data?,"Security measures include: Data Encryption (to protect data in transit and at rest), Two-Factor Authentication (for added account security), and Regular Audits (to ensure compliance with security standards)."
Technical Support,How do I reset my account password?,"To reset your account password, you can click on the 'Forgot Password' link on the login page, enter your registered email address, and follow the instructions sent to your email."
Technical Support,Can I customize the data feed settings?,"Yes, data feed settings can be customized to specify the frequency, format, and content of the data being fed into your systems, ensuring it meets your specific needs."
Subscription and Pricing,What are the subscription options?,"We offer tiered subscription plans based on the level of access required: Basic Plan (monthly updates with limited data access), Premium Plan (comprehensive real-time data feeds and advanced reporting tools), and Enterprise Plan (custom pricing and features tailored to large organizations)."
Subscription and Pricing,Is there a trial period available?,"Yes, we offer a 30-day trial period for new clients to: Explore the Platform (get familiar with the features and data available) and Assess the Value (determine how the data can benefit your business)."
Subscription and Pricing,Can I upgrade or downgrade my subscription plan?,"Yes, subscription plans can be adjusted based on your needs: Upgrade (gain access to more data and advanced features), Downgrade (switch to a plan with fewer features if your needs change), and Manage Plan (adjust your plan through the client portal or by contacting our sales team)."
Subscription and Pricing,What payment methods are accepted?,"We accept various payment methods, including: Credit Cards (Visa, MasterCard, and American Express), Bank Transfers (for larger payments or enterprise plans), and Online Payment Systems (PayPal, Stripe)."
Subscription and Pricing,Are there any discounts available for long-term subscriptions?,"Yes, we offer discounts for annual subscriptions or multi-year commitments. Contact our sales team for more details."
Subscription and Pricing,Can I get a custom subscription plan?,"Yes, custom subscription plans can be tailored to your specific needs, including access to particular data sets, custom reporting tools, and dedicated account management."
Subscription and Pricing,How do I renew my subscription?,Subscriptions can be renewed automatically or manually through the client portal. You can also contact our sales team to discuss renewal options.
Subscription and Pricing,What is the cancellation policy?,"Subscriptions can be canceled at any time, with prorated refunds available for unused portions of the subscription period. Contact our support team for assistance with cancellations."
Subscription and Pricing,Can I get a refund if I'm not satisfied?,"Yes, refunds are available within the first 30 days of your subscription if you are not satisfied with the service. Contact our support team to initiate a refund."
Subscription and Pricing,What is included in the enterprise plan?,"The enterprise plan includes: Real-Time Data Feeds (continuous updates to your systems), Advanced Analytics Tools (for custom data analysis), Dedicated Account Management (personalized support and training), and Custom Integration Options (seamless data integration with your internal systems)."
Subscription and Pricing,Can I share my subscription with other team members?,"Yes, subscriptions can be shared with other team members within your organization, with the option to add additional user accounts as needed."
Subscription and Pricing,How do I contact the sales team for pricing?,"You can contact the sales team for pricing information by: Email (sales@example.com), Phone (1-800-555-5678), or Online Chat (available on our website)."
Subscription and Pricing,Is there a setup fee for new subscriptions?,"No, there is no setup fee for new subscriptions. All plans include free onboarding and training to help you get started."
Subscription and Pricing,How can I manage my subscription settings?,"Subscription settings can be managed through the client portal, where you can: Update Payment Information, Change Plan Options, and View Billing History."
Subscription and Pricing,Can I get an invoice for my subscription?,"Yes, invoices are automatically generated for each subscription payment and can be downloaded from the billing section of the client portal."
Subscription and Pricing,Are there any additional fees for custom reports?,Custom reports may incur additional fees depending on the complexity and scope of the report. Contact our support team for a quote.
Subscription and Pricing,What happens if I miss a payment?,"If a payment is missed, you will receive a reminder email, and your account may be temporarily suspended until payment is received. Contact our billing team for assistance with missed payments."
Subscription and Pricing,Can I upgrade to the enterprise plan at any time?,"Yes, you can upgrade to the enterprise plan at any time by contacting our sales team or adjusting your subscription settings in the client portal."
Data Segmentation and Custom Queries,Can I segment the data by different demographics?,"Yes, the data can be segmented by various demographic factors, including: Age Groups (e.g., 18-24, 25-34, 35-44, etc.), Income Levels (low, middle, and high-income segments), Geographical Regions (urban vs. rural areas, specific regions or states), and Household Size (single, couples, families with children, etc.)."
Data Segmentation and Custom Queries,How can I run a custom query on the data?,"You can run custom queries through our online portal by: Selecting Filters (choose specific categories, demographics, time periods, etc.), Defining Parameters (set parameters for the data you need, such as brand loyalty or frequency of purchase), and Generating Results (instantly see the results, which can be exported or saved for later use)."
Data Segmentation and Custom Queries,What kind of cross-tabulation options are available?,"Cross-tabulation allows you to compare two or more variables, such as: Brand vs. Age Group (see how brand preference varies across different age groups), Product Category vs. Income Level (understand which income segments are purchasing specific product categories), and Region vs. Frequency of Purchase (analyze how often consumers in different regions purchase certain products)."
Data Segmentation and Custom Queries,Can I save custom queries for future use?,"Yes, custom queries can be saved in the portal, allowing you to quickly rerun the same analysis without having to redefine your filters and parameters each time."
Data Segmentation and Custom Queries,How do I export custom query results?,"Custom query results can be exported in various formats, including Excel, CSV, and PDF, making it easy to integrate the data into your reports and presentations."
Data Segmentation and Custom Queries,Can I share custom queries with my team?,"Yes, custom queries can be shared with team members through the portal, allowing for collaboration on data analysis and decision-making."
Data Segmentation and Custom Queries,How can I filter data by product category?,"Data can be filtered by product category in the portal by selecting the specific categories you are interested in, such as snacks, beverages, or personal care products."
Data Segmentation and Custom Queries,What are the most common demographic segments available?,"Common demographic segments include age, gender, income level, education level, household size, and geographic location, allowing for detailed analysis of consumer behavior."
Data Segmentation and Custom Queries,Can I compare data across different regions?,"Yes, data can be compared across different regions by applying geographic filters in your custom query, allowing you to analyze regional variations in consumer behavior."
Data Segmentation and Custom Queries,How do I set up a cross-tabulation in the portal?,"Cross-tabulations can be set up by selecting the variables you want to compare, such as brand preference and age group, and then generating a table or chart that displays the relationships between these variables."
Data Segmentation and Custom Queries,Can I filter data by time period?,"Yes, data can be filtered by time period, allowing you to analyze trends over specific months, quarters, or years, and compare results across different time frames."
Data Segmentation and Custom Queries,How do I segment data by consumer behavior?,"Consumer behavior can be segmented by variables such as purchase frequency, brand loyalty, and response to promotions, allowing you to understand different consumer segments and tailor your strategies accordingly."
Data Segmentation and Custom Queries,Can I customize the variables in a custom query?,"Yes, you can customize the variables in a custom query by selecting the specific data points you want to analyze, such as demographic information, purchase behavior, or product preferences."
Data Segmentation and Custom Queries,How do I set up a recurring query?,"Recurring queries can be set up in the portal by defining the query parameters and scheduling the query to run automatically at regular intervals, such as daily, weekly, or monthly."
Data Segmentation and Custom Queries,Can I use custom queries for forecasting?,"Yes, custom queries can be used for forecasting by analyzing historical data and identifying trends that can inform future projections, such as sales forecasts or market demand."
Data Segmentation and Custom Queries,How do I filter data by income level?,"Income level filters can be applied in the portal by selecting the specific income segments you want to analyze, such as low, middle, or high-income groups."
Advanced Analytics and Predictive Modeling,Does the platform support predictive modeling?,"Yes, our platform includes predictive analytics tools that help forecast: Consumer Trends (predict changes in consumer behavior based on historical data), Market Demand (estimate future demand for specific products or categories), and Sales Projections (create projections based on different scenarios, such as price changes or promotional activities)."
Advanced Analytics and Predictive Modeling,Can I use machine learning models on the data?,"Yes, the platform is compatible with popular machine learning frameworks, allowing you to: Integrate Models (import your own models to analyze the data), Train Models (use historical data to train models on consumer behavior patterns), and Test Scenarios (run simulations and test scenarios to see how different factors might impact future trends)."
Advanced Analytics and Predictive Modeling,What type of sentiment analysis can I perform?,"Sentiment analysis can be performed on consumer feedback data to: Analyze Reviews (understand consumer sentiment towards specific products or brands), Track Brand Perception (monitor how consumer sentiment changes over time), and Identify Trends (detect emerging trends in consumer preferences or concerns)."
Advanced Analytics and Predictive Modeling,How do I set up a predictive model?,"Predictive models can be set up in the portal by selecting the data variables you want to analyze, choosing the type of model you want to use, such as regression or classification, and then training the model using historical data."
Advanced Analytics and Predictive Modeling,Can I export the results of predictive models?,"Yes, the results of predictive models can be exported in various formats, including Excel, CSV, and PDF, allowing you to share your findings with your team or integrate them into your reports."
Advanced Analytics and Predictive Modeling,How can predictive modeling improve sales forecasting?,"Predictive modeling can improve sales forecasting by analyzing historical sales data, identifying key drivers of sales performance, and generating projections based on different scenarios, such as changes in pricing or promotional activities."
Advanced Analytics and Predictive Modeling,Can I customize predictive models?,"Yes, predictive models can be customized by selecting the specific variables and algorithms you want to use, allowing you to tailor the analysis to your specific needs and business goals."
Advanced Analytics and Predictive Modeling,How do I validate the accuracy of a predictive model?,"The accuracy of a predictive model can be validated by comparing the model's predictions to actual outcomes, using techniques such as cross-validation and performance metrics like accuracy, precision, and recall."
Advanced Analytics and Predictive Modeling,Can I use predictive modeling for inventory management?,"Yes, predictive modeling can be used for inventory management by analyzing historical sales data, identifying trends in product demand, and generating forecasts to optimize inventory levels and reduce stockouts."
Advanced Analytics and Predictive Modeling,What tools are available for data visualization in predictive modeling?,"The platform includes tools for visualizing the results of predictive models, such as line charts, bar graphs, and scatter plots, helping you interpret the data and communicate your findings effectively."
Advanced Analytics and Predictive Modeling,How can machine learning improve consumer segmentation?,"Machine learning can improve consumer segmentation by analyzing large datasets to identify patterns in consumer behavior, preferences, and demographics, allowing for more accurate and nuanced segmentation."
Advanced Analytics and Predictive Modeling,Can I use sentiment analysis to track brand reputation?,"Yes, sentiment analysis can be used to track brand reputation by analyzing consumer feedback, social media mentions, and online reviews, helping you monitor changes in brand perception over time."
Advanced Analytics and Predictive Modeling,How do I set up a machine learning model in the portal?,"Machine learning models can be set up by selecting the data you want to analyze, choosing the type of model you want to use, such as classification or clustering, and training the model using historical data."
Advanced Analytics and Predictive Modeling,How do I interpret the results of a predictive model?,"The results of a predictive model can be interpreted by analyzing the model's output, such as predicted values or classifications, and comparing them to actual outcomes to assess the model's accuracy and reliability."
Advanced Analytics and Predictive Modeling,Can I use predictive modeling for market demand forecasting?,"Yes, predictive modeling can be used for market demand forecasting by analyzing historical sales data, identifying key drivers of demand, and generating forecasts based on different scenarios, such as changes in consumer behavior or economic conditions."
Competitive Benchmarking,How can I benchmark my brand against competitors?,"Benchmarking allows you to compare your brand’s performance against competitors by: Market Share Analysis (see how your brand’s market share stacks up against others), Consumer Loyalty (compare brand loyalty rates and identify areas for improvement), and Sales Performance (analyze sales performance across different regions or demographics)."
Competitive Benchmarking,Can I track competitor promotions and their impact?,"Yes, the platform allows you to track competitor promotions and analyze their impact on: Sales (see how promotions affect sales volumes and market share), Consumer Behavior (understand how consumer behavior changes in response to competitor promotions), and Brand Switching (identify if promotions are causing consumers to switch brands)."
Competitive Benchmarking,What competitive intelligence reports are available?,"We offer reports that provide detailed competitive intelligence, including: Promotion Analysis (overview of promotional activities by competitors and their effectiveness), Price Positioning (analysis of how competitor pricing compares to your brand), and Innovation Tracking (monitor new product launches and innovations by competitors)."
Competitive Benchmarking,How can I track competitor pricing strategies?,"Competitor pricing strategies can be tracked by analyzing price points, discounts, and promotional offers across different regions and channels, providing insights into how competitors position their products in the market."
Competitive Benchmarking,Can I compare my brand’s market share to competitors?,"Yes, market share comparisons can be made using data from POS systems, consumer surveys, and industry reports, allowing you to see how your brand stacks up against competitors in different regions and categories."
Competitive Benchmarking,How do I set up a competitive benchmarking report?,"Competitive benchmarking reports can be set up by selecting the competitors, regions, and metrics you want to compare, such as market share, sales volume, or brand loyalty, and generating a report that highlights the key differences and trends."
Competitive Benchmarking,Can I benchmark my brand’s performance in different regions?,"Yes, regional benchmarking allows you to compare your brand’s performance in different geographic areas, helping you identify strong and weak markets and tailor your strategies accordingly."
Competitive Benchmarking,How can I use competitive benchmarking to improve marketing strategy?,"Competitive benchmarking can inform marketing strategy by identifying areas where your brand is underperforming relative to competitors, allowing you to adjust your messaging, targeting, or promotional activities to gain a competitive edge."
Competitive Benchmarking,What tools are available for visualizing competitive benchmarking data?,"The platform includes tools for visualizing competitive benchmarking data, such as bar charts, heat maps, and market share graphs, helping you easily compare your brand’s performance to competitors."
Competitive Benchmarking,Can I track competitor product launches?,"Yes, competitor product launches can be tracked through industry reports, POS data, and social media analysis, providing insights into how new products are received in the market and their impact on your brand."
Consumer Sentiment and Feedback,How is consumer feedback collected and analyzed?,"Consumer feedback is collected through: Surveys (regular surveys conducted with our consumer panel), Social Media Monitoring (tracking consumer sentiment on social media platforms), and Product Reviews (analyzing online reviews for specific products or brands)."
Consumer Sentiment and Feedback,Can I filter consumer feedback by product category?,"Yes, feedback can be filtered by: Product Category (focus on specific categories like snacks, beverages, or personal care), Brand (narrow down feedback to specific brands within a category), and Sentiment (analyze positive, negative, or neutral feedback separately)."
Consumer Sentiment and Feedback,How does the platform handle negative feedback?,"Negative feedback is carefully analyzed to: Identify Common Issues (understand recurring problems or complaints), Pinpoint Areas for Improvement (highlight areas where product or service improvements are needed), and Measure Impact (assess the impact of negative feedback on brand perception and sales)."
Consumer Sentiment and Feedback,Can I track changes in consumer sentiment over time?,"Yes, changes in consumer sentiment can be tracked over time by analyzing survey responses, social media mentions, and product reviews, allowing you to monitor trends and shifts in consumer attitudes."
Consumer Sentiment and Feedback,What tools are available for sentiment analysis?,"The platform includes tools for sentiment analysis that allow you to: Analyze Text (extract sentiment from consumer feedback, reviews, and social media posts), Visualize Trends (create sentiment trend lines and charts), and Generate Reports (summarize sentiment analysis findings for presentations or internal use)."
Consumer Sentiment and Feedback,How do I collect consumer feedback on new products?,"Consumer feedback on new products can be collected through post-purchase surveys, product testing panels, and online reviews, providing insights into consumer satisfaction and areas for improvement."
Consumer Sentiment and Feedback,Can I segment consumer feedback by demographic?,"Yes, consumer feedback can be segmented by demographic factors such as age, gender, income, and geographic region, allowing you to understand how different consumer groups perceive your products."
Consumer Sentiment and Feedback,How can I use consumer feedback to improve product quality?,"Consumer feedback can be used to identify common issues, track consumer preferences, and measure satisfaction, providing actionable insights to improve product quality and meet consumer expectations."
Consumer Sentiment and Feedback,How do I set up automated sentiment analysis?,"Automated sentiment analysis can be set up by integrating the platform with your data sources, such as social media, surveys, or review sites, and configuring the sentiment analysis tools to monitor and report on changes in consumer sentiment."
Consumer Sentiment and Feedback,How can I use consumer feedback to enhance customer experience?,"Consumer feedback can be used to identify pain points, track satisfaction levels, and monitor customer service interactions, allowing you to make targeted improvements to enhance the overall customer experience."
Data Export and Integration,Can I export the data for offline analysis?,"Yes, data can be exported for offline analysis in various formats, including: Excel Spreadsheets (for further analysis or report creation), CSV Files (for use in data analysis tools like Python or R), and PDF Reports (generate and export reports in a print-friendly format)."
Data Export and Integration,How do I integrate the data with my business intelligence tools?,"You can integrate the data with BI tools through: API Access (use our API to pull data directly into your BI platform), Data Feeds (set up regular data feeds to update your dashboards automatically), and Custom Integrations (our technical team can assist with custom integrations if needed)."
Data Export and Integration,Can I schedule automatic data exports?,"Yes, you can schedule automatic exports to: Sync Data Regularly (ensure your internal systems are always up-to-date), Custom Frequency (choose daily, weekly, or monthly exports based on your needs), and Email Notifications (receive notifications when data exports are completed)."
Data Export and Integration,What data formats are supported for export?,"Supported export formats include Excel, CSV, JSON, and PDF, allowing you to choose the format that best suits your analysis and reporting needs."
Data Export and Integration,How do I set up data feeds for real-time integration?,"Data feeds for real-time integration can be set up through the portal's API access, allowing you to pull data directly into your internal systems or BI tools as soon as it becomes available."
Data Export and Integration,Can I export custom query results?,"Yes, custom query results can be exported in various formats, such as Excel or CSV, making it easy to integrate the data into your reports and presentations."
Data Export and Integration,How do I integrate the data with CRM systems?,"Data can be integrated with CRM systems through API access or data feeds, allowing you to enhance customer profiles, track interactions, and optimize marketing efforts based on consumer behavior insights."
Data Export and Integration,Can I set up automated data syncs with external systems?,"Yes, automated data syncs can be set up to ensure that your external systems, such as ERP or CRM platforms, are always up-to-date with the latest data from our platform."
Data Export and Integration,How do I ensure data compatibility with my internal systems?,"Data compatibility is ensured by selecting the appropriate export format, such as CSV for spreadsheets or JSON for web applications, and working with our technical team to configure any custom integrations as needed."
Reporting and Visualization Tools,What visualization tools are available on the platform?,"The platform includes a variety of visualization tools to help you analyze data, such as: Dashboards (customizable dashboards for at-a-glance insights), Graphs and Charts (line graphs, bar charts, pie charts, and more to visualize trends and comparisons), and Heat Maps (geographic heat maps to show regional performance or consumer behavior)."
Reporting and Visualization Tools,Can I create custom reports using the platform?,"Yes, you can create custom reports by: Selecting Data Sources (choose the specific data points you want to include), Customizing Layout (arrange charts, tables, and text boxes to create a report that meets your needs), and Saving Templates (save report templates for quick access and reuse in the future)."
Reporting and Visualization Tools,Does the platform support multi-language reports?,"Yes, the platform supports multi-language reports, allowing you to: Generate Reports in Different Languages (useful for international teams or clients), Switch Language Options (toggle between languages easily within the report settings), and Localization (ensure that data and insights are presented in a culturally relevant manner)."
Reporting and Visualization Tools,Can I export visualizations for presentations?,"Yes, visualizations such as charts, graphs, and heat maps can be exported in formats like PNG, JPEG, or PDF, making it easy to include them in presentations or reports."
Reporting and Visualization Tools,How do I create a custom dashboard?,"Custom dashboards can be created by selecting the key metrics you want to track, arranging them on a customizable canvas, and saving the layout for quick access and ongoing monitoring."
Reporting and Visualization Tools,Can I schedule automated report generation?,"Yes, reports can be scheduled to generate automatically at regular intervals, such as daily, weekly, or monthly, ensuring you always have the latest insights without manual effort."
Reporting and Visualization Tools,How do I customize report layouts?,"Report layouts can be customized by dragging and dropping elements, adjusting chart sizes, and adding text boxes or annotations to highlight key insights."
Reporting and Visualization Tools,Can I share dashboards with my team?,"Yes, dashboards can be shared with team members through the portal, allowing for collaborative analysis and decision-making."
Reporting and Visualization Tools,What options are available for exporting reports?,"Reports can be exported in various formats, including PDF, Excel, and CSV, making it easy to share insights with stakeholders or integrate them into your presentations."
